{
  "mappings": {
    "delta/mixins/minecraft/AnvilBlockMixin": {
      "getOutlineShape": "Lnet/minecraft/class_2199;method_9530(Lnet/minecraft/class_2680;Lnet/minecraft/class_1922;Lnet/minecraft/class_2338;Lnet/minecraft/class_3726;)Lnet/minecraft/class_265;"
    },
    "delta/mixins/minecraft/HeldItemRenderMixin": {
      "renderFirstPersonItem": "Lnet/minecraft/class_759;method_3228(Lnet/minecraft/class_742;FFLnet/minecraft/class_1268;FLnet/minecraft/class_1799;FLnet/minecraft/class_4587;Lnet/minecraft/class_4597;I)V",
      "Lnet/minecraft/client/render/item/HeldItemRenderer;renderItem(Lnet/minecraft/entity/LivingEntity;Lnet/minecraft/item/ItemStack;Lnet/minecraft/client/render/model/json/ModelTransformation$Mode;ZLnet/minecraft/client/util/math/MatrixStack;Lnet/minecraft/client/render/VertexConsumerProvider;I)V": "Lnet/minecraft/class_759;method_3233(Lnet/minecraft/class_1309;Lnet/minecraft/class_1799;Lnet/minecraft/class_809$class_811;ZLnet/minecraft/class_4587;Lnet/minecraft/class_4597;I)V",
      "updateHeldItems": "Lnet/minecraft/class_759;method_3220()V"
    },
    "delta/mixins/minecraft/MerchantScreenMixin": {
      "syncRecipeIndex": "Lnet/minecraft/class_492;method_2496()V",
      "renderScrollbar": "Lnet/minecraft/class_492;method_20221(Lnet/minecraft/class_4587;IILnet/minecraft/class_1916;)V"
    },
    "delta/mixins/minecraft/EntityRendererMixin": {
      "shouldRender": "Lnet/minecraft/class_897;method_3933(Lnet/minecraft/class_1297;Lnet/minecraft/class_4604;DDD)Z"
    },
    "delta/mixins/minecraft/MerchantScreenAccessor": {
      "syncRecipeIndex": "method_2496()V",
      "selectedIndex": "field_19161:I"
    },
    "delta/mixins/minecraft/GuiMerchantMixin": {
      "open": "Lnet/minecraft/class_3929;method_17541(Lnet/minecraft/class_3917;Lnet/minecraft/class_310;ILnet/minecraft/class_2561;)V"
    }
  },
  "data": {
    "named:intermediary": {
      "delta/mixins/minecraft/AnvilBlockMixin": {
        "getOutlineShape": "Lnet/minecraft/class_2199;method_9530(Lnet/minecraft/class_2680;Lnet/minecraft/class_1922;Lnet/minecraft/class_2338;Lnet/minecraft/class_3726;)Lnet/minecraft/class_265;"
      },
      "delta/mixins/minecraft/HeldItemRenderMixin": {
        "renderFirstPersonItem": "Lnet/minecraft/class_759;method_3228(Lnet/minecraft/class_742;FFLnet/minecraft/class_1268;FLnet/minecraft/class_1799;FLnet/minecraft/class_4587;Lnet/minecraft/class_4597;I)V",
        "Lnet/minecraft/client/render/item/HeldItemRenderer;renderItem(Lnet/minecraft/entity/LivingEntity;Lnet/minecraft/item/ItemStack;Lnet/minecraft/client/render/model/json/ModelTransformation$Mode;ZLnet/minecraft/client/util/math/MatrixStack;Lnet/minecraft/client/render/VertexConsumerProvider;I)V": "Lnet/minecraft/class_759;method_3233(Lnet/minecraft/class_1309;Lnet/minecraft/class_1799;Lnet/minecraft/class_809$class_811;ZLnet/minecraft/class_4587;Lnet/minecraft/class_4597;I)V",
        "updateHeldItems": "Lnet/minecraft/class_759;method_3220()V"
      },
      "delta/mixins/minecraft/MerchantScreenMixin": {
        "syncRecipeIndex": "Lnet/minecraft/class_492;method_2496()V",
        "renderScrollbar": "Lnet/minecraft/class_492;method_20221(Lnet/minecraft/class_4587;IILnet/minecraft/class_1916;)V"
      },
      "delta/mixins/minecraft/EntityRendererMixin": {
        "shouldRender": "Lnet/minecraft/class_897;method_3933(Lnet/minecraft/class_1297;Lnet/minecraft/class_4604;DDD)Z"
      },
      "delta/mixins/minecraft/MerchantScreenAccessor": {
        "syncRecipeIndex": "method_2496()V",
        "selectedIndex": "field_19161:I"
      },
      "delta/mixins/minecraft/GuiMerchantMixin": {
        "open": "Lnet/minecraft/class_3929;method_17541(Lnet/minecraft/class_3917;Lnet/minecraft/class_310;ILnet/minecraft/class_2561;)V"
      }
    }
  }
}