{
  "schemaVersion": 1,
  "id": "delta",
  "version": "1",
  "name": "Delta Hack /mc/ Edition",
  "description": "Reverse Engineered By",
  "authors": [
    "A_Gawr_Gura_A",
    "rainyday",
    "noway",
    "zsMorgen"
  ],
  "contact": {
    "repo": "https://natribu.org/en/"
  },
  "icon": "assets/logo1.png",
  "environment": "client",
  "entrypoints": {
    "meteor": [
      "delta.DeltaHack"
    ]
  },
  "mixins": [
    "meteorclient.mixins.json",
    "minecraft.mixins.json"
  ],
  "accessWidener": "accesswidener",
  "custom": {
    "meteor-client:color": "100,78,172"
  },
  "depends": {
    "java": ">=17",
    "minecraft": ">=1.19.1",
    "meteor-client": ">=0.4.9"
  },
  "breaks": {
    "splashhack": "*",
    "bedtrap": "*",
    "fot": "*"
  }
}
